image,col1_N,col2_N,col1_TSA,col2_TSA,col1_CH,col2_CH,col1_TP,col2_TP
13_13_0.png,13,13,11945,11937,141078.00000000006,191563.50000000006,1224,1216
13_13_1.png,13,13,23461,23509,229319.0000000001,161730.5,1716,1724
13_13_10.png,13,13,27225,27301,167448.99999999994,219760.99999999988,1856,1860
13_13_11.png,13,13,28573,28901,139314.0,190015.49999999997,1912,1916
13_13_12.png,13,13,10633,10729,152555.49999999997,216769.00000000006,1144,1140
13_13_13.png,13,13,28085,28421,172355.5,233483.5,1872,1896
13_13_14.png,13,13,8441,8437,152149.5,199471.50000000006,1024,1024
13_13_15.png,13,13,36873,36637,257878.00000000006,173854.0,2152,2152
13_13_16.png,13,13,15181,15161,180555.99999999997,130738.99999999997,1388,1384
13_13_17.png,13,13,27073,27413,206897.49999999997,154538.50000000006,1848,1856
13_13_18.png,13,13,33429,33477,225599.00000000003,170878.00000000006,2072,2068
13_13_19.png,13,13,20453,20449,178780.00000000006,233781.0,1608,1604
13_13_2.png,13,13,15561,15629,131396.5,190973.99999999994,1412,1384
13_13_20.png,13,13,15357,15541,169408.00000000006,241970.50000000003,1376,1404
13_13_21.png,13,13,20793,20593,197748.00000000003,141649.49999999997,1608,1608
13_13_22.png,13,13,10561,10369,178803.99999999997,130552.50000000003,1148,1140
13_13_23.png,13,13,22857,22757,211475.5,160611.49999999994,1708,1696
13_13_24.png,13,13,10001,9977,159666.0,215962.0,1104,1104
13_13_25.png,13,13,30737,30449,160529.99999999997,218531.5,1972,1964
13_13_26.png,13,13,24209,24037,246643.50000000003,183677.99999999994,1748,1744
13_13_27.png,13,13,17825,17917,143688.5,196328.0,1492,1500
13_13_28.png,13,13,8513,8561,212921.49999999997,150716.0,1032,1028
13_13_29.png,13,13,24521,24889,188885.00000000003,266755.4999999999,1764,1784
13_13_3.png,13,13,39301,39853,196045.99999999994,293534.0,2240,2236
13_13_30.png,13,13,9257,9193,153788.0,114910.0,1076,1068
13_13_31.png,13,13,9497,9661,207750.49999999994,157931.0,1100,1104
13_13_32.png,13,13,28865,29077,176114.5,247696.99999999997,1908,1920
13_13_33.png,13,13,35933,36061,235466.0000000001,163251.5000000001,2132,2148
13_13_34.png,13,13,27669,27213,153569.49999999994,214405.49999999988,1880,1860
13_13_35.png,13,13,33373,33197,258811.49999999997,198353.99999999997,2076,2060
13_13_36.png,13,13,17361,17253,247270.50000000003,174105.50000000003,1476,1472
13_13_37.png,13,13,22169,22037,206501.5,146968.00000000003,1680,1672
13_13_38.png,13,13,29913,29685,218886.5,163460.0,1944,1944
13_13_39.png,13,13,25205,25253,162344.0,212367.5,1788,1772
13_13_4.png,13,13,36293,36225,189917.49999999994,249089.0,2132,2140
13_13_40.png,13,13,9417,9337,130906.50000000001,182266.5,1096,1076
13_13_41.png,13,13,13121,13165,209013.49999999994,155678.50000000006,1284,1284
13_13_42.png,13,13,25449,25769,255799.0,196151.00000000003,1808,1808
13_13_43.png,13,13,40321,40321,261707.9999999999,195810.49999999997,2248,2268
13_13_44.png,13,13,9969,9937,160965.49999999997,214015.9999999999,1100,1124
13_13_45.png,13,13,8609,8621,136589.5,184071.99999999997,1040,1040
13_13_46.png,13,13,31869,32213,221755.50000000003,162416.0,2004,2024
13_13_47.png,13,13,29977,30005,288760.5,216346.49999999997,1952,1956
13_13_48.png,13,13,35741,35585,249021.0,187039.49999999997,2140,2152
13_13_49.png,13,13,16241,16293,191943.50000000003,143759.5,1428,1424
13_13_5.png,13,13,17337,17345,176901.99999999997,135139.0,1480,1472
13_13_50.png,13,13,40505,40593,227758.0,166861.50000000003,2268,2284
13_13_51.png,13,13,36425,36605,229670.5,176249.50000000006,2160,2148
13_13_52.png,13,13,26713,26705,167521.00000000006,250350.00000000006,1832,1836
13_13_53.png,13,13,11333,11449,239355.0,171399.00000000006,1200,1204
13_13_54.png,13,13,10433,10369,134400.00000000003,180806.0,1144,1124
13_13_55.png,13,13,25565,25245,198327.99999999994,149179.5000000001,1800,1788
13_13_56.png,13,13,25537,25601,157850.49999999997,213107.49999999997,1800,1812
13_13_57.png,13,13,34049,33805,206719.0000000001,277012.00000000006,2076,2068
13_13_58.png,13,13,34425,34473,193420.49999999997,146408.00000000003,2084,2096
13_13_59.png,13,13,14621,14729,163088.50000000003,213831.00000000006,1352,1352
13_13_6.png,13,13,35913,36093,221513.49999999994,168234.4999999999,2124,2128
13_13_60.png,13,13,18825,19345,169633.99999999997,232356.49999999997,1544,1568
13_13_61.png,13,13,41897,41769,265219.99999999994,180352.50000000003,2300,2312
13_13_62.png,13,13,18117,17993,137797.5,180084.00000000006,1512,1500
13_13_63.png,13,13,8349,8393,186550.5,138654.00000000003,1012,1020
13_13_64.png,13,13,10909,11049,180454.49999999994,135589.0,1176,1164
13_13_65.png,13,13,28881,29001,165117.00000000006,225928.5,1912,1932
13_13_66.png,13,13,10889,10901,158095.99999999994,218863.00000000003,1176,1160
13_13_67.png,13,13,9405,9405,150214.00000000006,196357.50000000006,1080,1080
13_13_68.png,13,13,19781,19869,170363.00000000003,123563.50000000001,1588,1588
13_13_69.png,13,13,16201,16221,159536.0,209249.50000000006,1428,1436
13_13_7.png,13,13,23773,24189,156020.00000000003,218155.99999999997,1728,1748
13_13_70.png,13,13,14505,14597,150828.99999999997,213866.99999999997,1336,1356
13_13_71.png,13,13,13345,13353,151319.99999999997,213952.49999999997,1292,1296
13_13_72.png,13,13,17641,17681,167667.5,219019.00000000006,1488,1492
13_13_73.png,13,13,19897,20293,129385.49999999999,176271.00000000003,1588,1592
13_13_74.png,13,13,21081,21093,163450.50000000003,217005.50000000003,1628,1632
13_13_75.png,13,13,28377,27833,181617.4999999999,249428.0,1900,1876
13_13_76.png,13,13,25177,24689,168757.5,226131.99999999997,1772,1756
13_13_77.png,13,13,21129,21165,228174.49999999997,167709.50000000006,1640,1628
13_13_78.png,13,13,19217,19157,169284.49999999997,125067.00000000001,1572,1544
13_13_79.png,13,13,11593,11529,219985.4999999999,154761.49999999994,1200,1208
13_13_8.png,13,13,9793,9641,151199.5,201012.99999999997,1100,1092
13_13_80.png,13,13,18033,18037,193028.49999999994,148096.49999999997,1524,1504
13_13_81.png,13,13,18501,18369,167890.50000000003,116527.49999999999,1520,1508
13_13_82.png,13,13,39721,39797,223633.99999999997,165976.50000000012,2244,2244
13_13_83.png,13,13,16349,16209,223158.5,159449.00000000003,1436,1428
13_13_84.png,13,13,28781,28749,246146.99999999994,188899.0000000001,1904,1916
13_13_85.png,13,13,14221,14461,211956.5,146284.00000000003,1332,1344
13_13_86.png,13,13,31189,31249,150670.0000000001,215845.49999999994,1984,2012
13_13_87.png,13,13,27525,28105,161812.5,214492.5,1872,1852
13_13_88.png,13,13,31385,31445,238110.99999999997,182138.00000000006,1996,2000
13_13_89.png,13,13,24457,24801,177474.99999999997,131191.50000000003,1756,1776
13_13_9.png,13,13,10129,10073,155860.00000000003,221428.50000000003,1128,1124
13_13_90.png,13,13,33841,33765,244617.00000000003,184726.0,2076,2068
13_13_91.png,13,13,14297,14185,241763.49999999994,173845.49999999997,1344,1332
13_13_92.png,13,13,13553,13885,206995.50000000006,154165.99999999997,1300,1328
13_13_93.png,13,13,14869,15193,245827.0,189301.50000000006,1372,1380
13_13_94.png,13,13,27197,27121,158686.50000000003,218825.99999999997,1864,1840
13_13_95.png,13,13,10777,10889,164254.00000000003,110501.0,1156,1160
13_13_96.png,13,13,13221,13201,135681.50000000003,181378.49999999997,1292,1284
13_13_97.png,13,13,14753,14957,119490.50000000001,163586.50000000003,1356,1372
13_13_98.png,13,13,16577,16549,121505.50000000001,170589.50000000003,1444,1456
13_13_99.png,13,13,18089,18125,176875.49999999997,131818.0,1508,1504
13_19_0.png,13,19,24185,24135,182142.00000000006,239912.00000000003,1744,2112
13_19_1.png,13,19,22813,22155,177383.99999999994,242195.99999999997,1704,2012
13_19_10.png,13,19,27781,27667,150841.0,211405.50000000006,1884,2260
13_19_11.png,13,19,25837,25535,161538.00000000003,211549.00000000006,1816,2172
13_19_12.png,13,19,27637,27499,198522.00000000003,266598.0,1856,2252
13_19_13.png,13,19,19885,19651,133800.5,175354.0,1584,1904
13_19_14.png,13,19,14385,14143,184193.99999999997,245481.50000000003,1340,1616
13_19_15.png,13,19,14889,14495,171692.0,228839.99999999988,1372,1620
13_19_16.png,13,19,11809,11795,157303.5,224074.49999999997,1224,1468
13_19_17.png,13,19,9489,9655,161771.99999999994,215867.0,1092,1316
13_19_18.png,13,19,39413,39295,180892.99999999994,235431.0000000001,2224,2692
13_19_19.png,13,19,12041,11951,163893.00000000003,222430.0,1224,1472
13_19_2.png,13,19,12281,12207,137795.5,184175.49999999985,1244,1488
13_19_20.png,13,19,17765,17323,155402.4999999999,231472.49999999994,1492,1804
13_19_21.png,13,19,28661,28467,183327.0,253820.0000000001,1908,2296
13_19_22.png,13,19,29521,29271,161696.49999999994,213641.50000000006,1928,2320
13_19_23.png,13,19,35117,34311,181577.5,247997.9999999999,2112,2524
13_19_24.png,13,19,13517,13459,169886.50000000003,226496.00000000003,1308,1564
13_19_25.png,13,19,37825,37615,190151.5,255468.49999999988,2212,2652
13_19_26.png,13,19,34333,33927,184152.50000000003,240564.50000000006,2084,2484
13_19_27.png,13,19,12873,13011,172498.5,254977.49999999997,1272,1528
13_19_28.png,13,19,10993,10723,131826.0,184360.50000000006,1160,1388
13_19_29.png,13,19,34785,34363,182006.99999999994,246214.00000000006,2116,2516
13_19_3.png,13,19,15017,15047,176246.00000000006,232233.0,1376,1648
13_19_30.png,13,19,24745,24679,161874.4999999999,210409.50000000006,1764,2124
13_19_31.png,13,19,11513,11019,143393.49999999997,193494.4999999999,1212,1408
13_19_32.png,13,19,10969,10659,167515.50000000006,230956.00000000003,1184,1384
13_19_33.png,13,19,35137,35311,178902.50000000003,234869.99999999997,2116,2560
13_19_34.png,13,19,19061,18899,146143.00000000003,214176.0,1556,1868
13_19_35.png,13,19,8997,8807,146507.50000000006,191683.0,1052,1252
13_19_36.png,13,19,20269,20107,148546.50000000003,198959.99999999997,1604,1920
13_19_37.png,13,19,32469,32523,153461.0,204226.99999999997,2028,2448
13_19_38.png,13,19,24577,24323,143878.00000000003,188811.00000000006,1764,2108
13_19_39.png,13,19,33225,32847,148236.00000000006,209745.99999999997,2052,2464
13_19_4.png,13,19,28009,27559,136614.99999999997,179874.4999999999,1876,2244
13_19_40.png,13,19,11509,11307,131919.00000000003,186445.99999999997,1204,1424
13_19_41.png,13,19,9197,8923,134133.99999999997,186038.99999999994,1084,1248
13_19_42.png,13,19,26305,25747,175728.49999999997,250864.50000000003,1832,2176
13_19_43.png,13,19,21449,21291,172983.0,236703.00000000006,1640,1968
13_19_44.png,13,19,28853,28495,162677.49999999997,213306.49999999997,1912,2288
13_19_45.png,13,19,10149,10139,165238.5,247308.0,1124,1352
13_19_46.png,13,19,33441,33471,188760.4999999999,274314.50000000006,2056,2476
13_19_47.png,13,19,9269,9115,111844.5,157564.0,1080,1276
13_19_48.png,13,19,42909,42823,189526.99999999997,249440.0,2336,2816
13_19_49.png,13,19,20801,20583,149288.49999999997,202894.00000000003,1624,1928
13_19_5.png,13,19,20473,20155,191994.99999999997,258044.49999999997,1600,1924
13_19_50.png,13,19,29685,29683,161260.49999999997,216041.50000000003,1932,2340
13_19_51.png,13,19,37773,37511,172351.50000000006,234349.5,2180,2652
13_19_52.png,13,19,38773,38667,195581.99999999997,268186.0,2240,2688
13_19_53.png,13,19,37249,36471,176959.0,235939.50000000003,2172,2604
13_19_54.png,13,19,26445,26019,196045.0,281941.99999999994,1840,2192
13_19_55.png,13,19,29785,29107,180167.0,234307.99999999997,1952,2312
13_19_56.png,13,19,9033,9095,142821.99999999997,198335.5,1052,1272
13_19_57.png,13,19,22597,22331,158051.5,226531.00000000003,1684,2036
13_19_58.png,13,19,17361,17219,168570.0,253254.00000000003,1480,1780
13_19_59.png,13,19,23381,22847,191602.0,252663.5,1720,2044
13_19_6.png,13,19,32005,31223,159332.50000000003,222117.50000000003,2028,2408
13_19_60.png,13,19,28069,27911,200222.99999999994,267964.0,1880,2268
13_19_61.png,13,19,25509,25419,158916.50000000003,220330.0,1808,2176
13_19_62.png,13,19,32217,31711,194867.50000000003,259015.5,2028,2416
13_19_63.png,13,19,22269,22227,243286.49999999997,178352.00000000006,1672,2016
13_19_64.png,13,19,22769,22579,137076.0,196469.00000000003,1704,2032
13_19_65.png,13,19,8253,8319,141972.50000000003,188757.99999999994,1012,1212
13_19_66.png,13,19,24621,24379,176496.0,253251.0,1760,2112
13_19_67.png,13,19,31641,30959,187355.0,250837.00000000003,1992,2388
13_19_68.png,13,19,31077,30539,235968.5,180344.99999999997,1992,2368
13_19_69.png,13,19,14821,14783,156788.00000000003,216456.0,1364,1620
13_19_7.png,13,19,12621,12367,161508.99999999997,217325.50000000003,1252,1504
13_19_70.png,13,19,32593,32403,161183.00000000003,227031.5,2044,2432
13_19_71.png,13,19,33125,32891,171435.49999999994,237840.0,2056,2460
13_19_72.png,13,19,27069,26775,165009.9999999999,220743.00000000012,1844,2220
13_19_73.png,13,19,39797,39651,185477.99999999988,257262.49999999997,2244,2712
13_19_74.png,13,19,8601,8267,159541.49999999994,221948.0,1032,1216
13_19_75.png,13,19,16085,15911,146505.50000000003,198919.00000000003,1432,1700
13_19_76.png,13,19,11757,11791,172838.49999999994,231510.0,1204,1464
13_19_77.png,13,19,20797,20787,203677.4999999999,265669.49999999994,1632,1952
13_19_78.png,13,19,15053,14511,143401.50000000003,186730.0,1372,1628
13_19_79.png,13,19,32085,31475,185460.99999999997,250737.5,2016,2400
13_19_8.png,13,19,37425,37315,203230.99999999994,274565.50000000006,2188,2624
13_19_80.png,13,19,14357,14011,147799.50000000003,206471.50000000006,1344,1588
13_19_81.png,13,19,9449,9303,157018.0,223819.49999999997,1076,1292
13_19_82.png,13,19,12761,12667,147083.99999999997,203436.0,1260,1524
13_19_83.png,13,19,14317,13923,237208.49999999997,172193.99999999997,1332,1588
13_19_84.png,13,19,11345,11183,140332.99999999997,187609.49999999997,1196,1416
13_19_85.png,13,19,26005,25579,153171.50000000003,226433.0,1824,2168
13_19_86.png,13,19,12605,12211,131751.00000000003,186522.5,1244,1484
13_19_87.png,13,19,19113,19139,189417.5,250012.49999999994,1560,1880
13_19_88.png,13,19,11965,11887,170197.49999999997,229349.50000000003,1224,1472
13_19_89.png,13,19,22193,22047,142605.49999999997,189570.00000000006,1676,2024
13_19_9.png,13,19,21777,21379,131859.0,190717.50000000003,1664,1968
13_19_90.png,13,19,17609,17683,171307.49999999997,244139.00000000003,1488,1788
13_19_91.png,13,19,14373,14167,130010.0,188034.0,1348,1600
13_19_92.png,13,19,10613,10347,165572.99999999997,226765.50000000003,1148,1360
13_19_93.png,13,19,17077,16563,161206.0,213952.0,1472,1744
13_19_94.png,13,19,13393,13199,143980.0,188681.50000000003,1292,1540
13_19_95.png,13,19,14237,14399,127034.00000000001,185259.00000000006,1340,1628
13_19_96.png,13,19,42013,42103,195055.5,261218.99999999994,2320,2792
13_19_97.png,13,19,22729,22499,162999.99999999997,232243.00000000003,1684,2036
13_19_98.png,13,19,13285,12927,158700.5,225503.49999999994,1296,1528
13_19_99.png,13,19,11685,11767,147590.49999999997,199056.0,1212,1460
13_27_0.png,13,27,21061,20671,138038.49999999997,188552.9999999999,1620,2316
13_27_1.png,13,27,11341,10923,125482.49999999999,176474.49999999994,1200,1656
13_27_10.png,13,27,19073,18675,148597.49999999994,193496.00000000003,1552,2200
13_27_11.png,13,27,27313,26943,183212.99999999997,261087.5,1860,2644
13_27_12.png,13,27,32097,31475,203534.5,279684.49999999994,2020,2872
13_27_13.png,13,27,31577,31403,171815.00000000003,226916.5,2004,2872
13_27_14.png,13,27,22525,22275,162192.0,224460.5,1680,2392
13_27_15.png,13,27,8253,8127,158740.49999999997,234730.49999999997,1016,1420
13_27_16.png,13,27,13189,12783,170532.50000000003,227805.49999999994,1284,1796
13_27_17.png,13,27,22725,22095,190304.00000000006,249275.50000000003,1696,2388
13_27_18.png,13,27,25741,24723,167354.00000000003,226296.00000000006,1808,2516
13_27_19.png,13,27,14081,13883,148413.50000000006,199743.99999999994,1328,1880
13_27_2.png,13,27,22821,21987,174492.5,230949.99999999997,1708,2376
13_27_20.png,13,27,41021,39643,198521.0,269215.5000000001,2292,3216
13_27_21.png,13,27,26925,26743,199776.99999999997,260782.50000000003,1848,2652
13_27_22.png,13,27,26605,25975,203699.5,270173.50000000006,1840,2604
13_27_23.png,13,27,19633,19279,165054.0,220146.00000000006,1572,2228
13_27_24.png,13,27,21157,20819,170240.5,236913.0,1636,2344
13_27_25.png,13,27,42445,42103,194230.50000000003,269081.4999999999,2328,3320
13_27_26.png,13,27,27537,26851,180169.5,255087.5,1872,2640
13_27_27.png,13,27,39665,38743,191644.50000000003,269858.0,2256,3188
13_27_28.png,13,27,34001,32895,179596.5,236130.5,2068,2920
13_27_29.png,13,27,18125,17819,156972.49999999994,223796.4999999999,1532,2140
13_27_3.png,13,27,22837,22667,146815.50000000003,208852.49999999994,1696,2444
13_27_30.png,13,27,43257,42647,207616.99999999997,276339.5,2344,3336
13_27_31.png,13,27,23669,23103,151816.99999999994,211497.0,1736,2452
13_27_32.png,13,27,12305,11923,154696.50000000003,219258.99999999997,1240,1728
13_27_33.png,13,27,26201,25671,200925.49999999994,266122.0,1808,2580
13_27_34.png,13,27,24389,24083,213598.50000000006,280737.5,1760,2500
13_27_35.png,13,27,28057,27247,152209.49999999994,203807.00000000003,1892,2672
13_27_36.png,13,27,19529,18959,165244.5,219768.49999999997,1564,2208
13_27_37.png,13,27,13813,13867,181765.49999999997,243973.49999999994,1320,1888
13_27_38.png,13,27,25841,25371,174379.50000000006,234841.4999999999,1816,2584
13_27_39.png,13,27,39965,39319,167436.49999999997,226315.00000000006,2272,3192
13_27_4.png,13,27,30073,29631,174270.50000000003,258530.49999999988,1944,2764
13_27_40.png,13,27,24109,23443,187059.9999999999,259043.5,1740,2456
13_27_41.png,13,27,39297,39015,218271.00000000003,288671.00000000006,2216,3192
13_27_42.png,13,27,29757,29027,167897.00000000003,223683.49999999997,1932,2744
13_27_43.png,13,27,14589,14423,168272.00000000003,224794.5,1336,1920
13_27_44.png,13,27,16869,16567,137661.49999999997,203439.00000000006,1452,2064
13_27_45.png,13,27,17669,16995,172649.00000000003,244327.5,1496,2092
13_27_46.png,13,27,29461,28675,157523.5,230991.50000000003,1948,2740
13_27_47.png,13,27,20685,20091,152864.5,201929.00000000003,1612,2288
13_27_48.png,13,27,26477,26023,176259.5,249014.0,1836,2616
13_27_49.png,13,27,36045,35087,143202.49999999997,206843.00000000003,2152,3020
13_27_5.png,13,27,26589,26127,217252.99999999994,285693.5,1840,2628
13_27_50.png,13,27,22881,22539,161167.0,239089.00000000006,1704,2428
13_27_51.png,13,27,9817,9359,151714.0,201679.50000000003,1116,1528
13_27_52.png,13,27,22253,21955,184200.00000000003,239508.0000000001,1676,2388
13_27_53.png,13,27,39789,39219,194462.0,275690.0,2244,3208
13_27_54.png,13,27,24141,23407,153016.49999999997,214478.99999999997,1744,2484
13_27_55.png,13,27,15905,15767,133943.5,180179.5,1428,2004
13_27_56.png,13,27,35533,34943,171879.49999999997,224976.5,2112,3024
13_27_57.png,13,27,24921,24579,170463.49999999997,238677.9999999999,1776,2516
13_27_58.png,13,27,9353,9099,134671.00000000006,185899.0,1088,1504
13_27_59.png,13,27,19765,19299,149977.0000000001,209411.99999999997,1580,2228
13_27_6.png,13,27,31705,31351,177641.5,239638.00000000006,1992,2844
13_27_60.png,13,27,38069,36987,168232.00000000006,238539.0,2216,3108
13_27_61.png,13,27,35285,34315,191728.0,264226.99999999994,2128,2992
13_27_62.png,13,27,17381,16851,147965.00000000006,204904.5,1472,2084
13_27_63.png,13,27,35085,34399,180589.5,247957.5,2112,2996
13_27_64.png,13,27,23149,22519,198570.50000000003,262842.5,1712,2416
13_27_65.png,13,27,15361,14955,170509.0,239998.0000000001,1368,1956
13_27_66.png,13,27,20329,19919,148325.0,194964.00000000003,1612,2272
13_27_67.png,13,27,23257,22471,175677.5,253211.49999999997,1712,2400
13_27_68.png,13,27,24889,24175,168880.5,228387.00000000003,1780,2496
13_27_69.png,13,27,15785,15515,185344.50000000006,242831.0,1408,1992
13_27_7.png,13,27,9053,8827,181584.99999999997,251309.5,1060,1484
13_27_70.png,13,27,20877,20371,150719.0,204882.5,1624,2292
13_27_71.png,13,27,42597,42191,184624.99999999994,252843.99999999997,2324,3320
13_27_72.png,13,27,21353,20907,173292.49999999994,228419.50000000003,1656,2308
13_27_73.png,13,27,22169,21735,162007.49999999997,213415.99999999997,1676,2376
13_27_74.png,13,27,19681,19231,179588.50000000003,244502.99999999997,1568,2220
13_27_75.png,13,27,8361,8383,126876.00000000001,174689.00000000003,1016,1444
13_27_76.png,13,27,22881,22083,189229.4999999999,258048.00000000003,1700,2380
13_27_77.png,13,27,21201,20727,152809.0,205045.5,1640,2308
13_27_78.png,13,27,31873,31271,150707.50000000003,198178.00000000003,2020,2868
13_27_79.png,13,27,29981,29559,206532.50000000003,273273.5000000001,1952,2760
13_27_8.png,13,27,24077,23595,150049.5,207100.99999999997,1732,2476
13_27_80.png,13,27,21537,21071,159629.99999999994,227951.5,1648,2316
13_27_81.png,13,27,11201,10979,144320.0,198771.5,1188,1668
13_27_82.png,13,27,15877,15295,203533.50000000006,265431.49999999994,1416,1972
13_27_83.png,13,27,13313,12835,152450.5,199813.0,1300,1800
13_27_84.png,13,27,22465,22107,166620.50000000006,225071.99999999997,1684,2384
13_27_85.png,13,27,34193,33323,212275.5,296397.49999999994,2100,2960
13_27_86.png,13,27,12249,11835,138975.5,192876.0,1244,1736
13_27_87.png,13,27,37481,36839,158883.50000000003,210667.49999999997,2176,3108
13_27_88.png,13,27,18425,17983,143434.0,200076.5,1516,2156
13_27_89.png,13,27,34597,34303,182400.50000000003,252091.99999999997,2100,3004
13_27_9.png,13,27,24745,23587,161630.49999999994,224801.49999999997,1764,2468
13_27_90.png,13,27,40209,39495,190822.5,281310.99999999994,2248,3208
13_27_91.png,13,27,24485,24115,180776.0,241606.99999999997,1764,2520
13_27_92.png,13,27,23949,23851,169550.50000000006,238158.49999999997,1732,2464
13_27_93.png,13,27,10085,9827,171024.50000000003,224536.50000000003,1108,1572
13_27_94.png,13,27,41821,41343,192700.50000000003,281793.0,2300,3280
13_27_95.png,13,27,17709,16915,154039.50000000003,206617.99999999994,1488,2088
13_27_96.png,13,27,17077,16603,176656.0,239668.5,1460,2056
13_27_97.png,13,27,17281,16851,142185.0,213292.0,1484,2084
13_27_98.png,13,27,34581,33787,171424.00000000006,230152.50000000003,2096,2952
13_27_99.png,13,27,8953,8455,145292.49999999994,189076.5,1060,1452
19_13_0.png,19,13,24955,25009,261288.5,194801.49999999994,2152,1776
19_13_1.png,19,13,39815,40053,239769.5,178435.4999999999,2728,2280
19_13_10.png,19,13,26619,26749,227997.99999999997,175279.49999999997,2196,1852
19_13_11.png,19,13,31387,31425,247068.49999999997,178726.9999999999,2400,2012
19_13_12.png,19,13,25439,25789,236146.99999999997,175992.99999999997,2168,1808
19_13_13.png,19,13,24651,25013,218844.00000000003,163748.0,2144,1780
19_13_14.png,19,13,17071,17257,234522.50000000003,178678.00000000003,1764,1480
19_13_15.png,19,13,14911,15077,257735.00000000012,171776.00000000003,1652,1352
19_13_16.png,19,13,18015,18161,221591.5,164523.5,1808,1500
19_13_17.png,19,13,21347,21633,210878.00000000003,159862.99999999997,1976,1660
19_13_18.png,19,13,33543,34169,269265.9999999998,191985.49999999994,2488,2084
19_13_19.png,19,13,31339,31477,210152.50000000006,157016.50000000003,2412,2004
19_13_2.png,19,13,35371,35545,260541.99999999997,198982.5,2556,2128
19_13_20.png,19,13,38407,38541,265648.0,184001.5,2672,2228
19_13_21.png,19,13,22475,22797,221706.0000000001,168537.00000000003,2020,1708
19_13_22.png,19,13,33219,33721,271152.0,197025.49999999997,2472,2064
19_13_23.png,19,13,19971,20285,224679.50000000003,159420.49999999994,1912,1588
19_13_24.png,19,13,17843,17969,273273.0,183534.00000000003,1820,1508
19_13_25.png,19,13,28419,29021,250455.00000000003,186210.9999999999,2296,1936
19_13_26.png,19,13,13215,13461,220831.49999999997,167856.50000000003,1564,1304
19_13_27.png,19,13,41715,42057,273381.5,200312.99999999997,2796,2312
19_13_28.png,19,13,35487,35725,258013.99999999997,196377.99999999994,2560,2124
19_13_29.png,19,13,27827,27981,239817.99999999997,183815.5000000001,2264,1872
19_13_3.png,19,13,25983,26517,196964.50000000006,142605.50000000003,2184,1824
19_13_30.png,19,13,22815,22901,204289.50000000006,153228.99999999997,2036,1700
19_13_31.png,19,13,15327,15229,176530.99999999997,130499.49999999999,1684,1384
19_13_32.png,19,13,10223,10517,185745.5,124773.99999999999,1344,1144
19_13_33.png,19,13,21347,21389,250067.00000000003,182448.49999999994,1992,1640
19_13_34.png,19,13,31811,31725,203268.50000000003,152381.49999999997,2420,2004
19_13_35.png,19,13,35359,35845,248994.50000000006,185037.49999999997,2560,2116
19_13_36.png,19,13,8555,8797,237336.00000000003,182146.5,1232,1048
19_13_37.png,19,13,30387,30537,236422.49999999997,174034.50000000003,2348,1952
19_13_38.png,19,13,18131,18089,260318.99999999994,173194.50000000003,1832,1508
19_13_39.png,19,13,16395,16409,201929.5,150585.00000000006,1740,1448
19_13_4.png,19,13,42623,43201,251585.00000000003,192554.00000000003,2804,2332
19_13_40.png,19,13,35599,36001,235486.49999999994,178259.99999999997,2560,2152
19_13_41.png,19,13,31879,32157,238774.4999999999,182752.49999999997,2424,2020
19_13_42.png,19,13,25735,25865,193762.99999999997,144829.5,2180,1804
19_13_43.png,19,13,17251,17433,223415.0,150061.0,1772,1480
19_13_44.png,19,13,12327,12749,218692.0,165006.99999999997,1496,1268
19_13_45.png,19,13,8179,8381,164189.49999999997,110960.00000000004,1204,1020
19_13_46.png,19,13,24155,24181,214382.49999999997,149884.99999999997,2116,1748
19_13_47.png,19,13,26695,27129,240415.5,179943.00000000003,2212,1844
19_13_48.png,19,13,22419,22921,229877.0,166718.5,2004,1700
19_13_49.png,19,13,11483,11585,238085.0,167593.0,1448,1208
19_13_5.png,19,13,13227,13233,185695.50000000003,134009.00000000003,1560,1292
19_13_50.png,19,13,23707,24089,230926.50000000003,167438.0,2084,1740
19_13_51.png,19,13,13107,13361,183130.5,241762.99999999997,1548,1288
19_13_52.png,19,13,27747,28253,262224.5,200788.99999999994,2268,1892
19_13_53.png,19,13,16955,17377,252538.50000000003,174209.99999999997,1764,1480
19_13_54.png,19,13,20527,20997,229469.99999999994,169688.00000000003,1952,1624
19_13_55.png,19,13,11147,11437,198099.0,151223.49999999994,1416,1196
19_13_56.png,19,13,25611,25753,255858.00000000003,182976.0,2180,1812
19_13_57.png,19,13,19275,19561,211143.0,148463.49999999994,1876,1568
19_13_58.png,19,13,12179,12161,205135.00000000003,150466.50000000003,1484,1228
19_13_59.png,19,13,32991,33761,223188.5,162750.0,2464,2076
19_13_6.png,19,13,17655,17737,237119.5,177364.0,1792,1484
19_13_60.png,19,13,39651,40121,264001.0,192550.0,2712,2252
19_13_61.png,19,13,13235,13517,229222.00000000003,161405.0,1544,1300
19_13_62.png,19,13,18507,18561,237905.49999999997,178746.00000000003,1844,1532
19_13_63.png,19,13,34551,35165,235556.99999999997,168453.5,2524,2108
19_13_64.png,19,13,19843,19809,257795.50000000003,182408.50000000003,1912,1572
19_13_65.png,19,13,14875,15093,224849.99999999997,155851.00000000003,1656,1380
19_13_66.png,19,13,12131,12421,207921.0,139879.0,1480,1240
19_13_67.png,19,13,11731,12085,160756.00000000003,211733.49999999997,1452,1240
19_13_68.png,19,13,14527,14693,224018.5,161503.49999999994,1608,1356
19_13_69.png,19,13,25411,25481,249060.0,187880.5,2160,1796
19_13_7.png,19,13,18731,18633,227356.00000000003,173125.5,1852,1516
19_13_70.png,19,13,23875,23933,223401.00000000003,168626.5,2096,1732
19_13_71.png,19,13,22227,22649,205705.50000000006,151793.9999999999,2028,1688
19_13_72.png,19,13,12391,12697,177724.00000000003,131241.49999999997,1500,1268
19_13_73.png,19,13,10199,10105,231465.00000000006,161968.99999999997,1352,1112
19_13_74.png,19,13,21931,22281,211525.5,162095.00000000003,2004,1680
19_13_75.png,19,13,10231,10453,199863.99999999997,146429.00000000003,1356,1160
19_13_76.png,19,13,33563,33657,177367.0,123001.49999999997,2492,2080
19_13_77.png,19,13,26095,26333,173115.49999999997,130076.00000000004,2196,1820
19_13_78.png,19,13,18855,19369,192840.50000000006,143653.50000000003,1852,1564
19_13_79.png,19,13,35711,35557,256434.49999999997,193621.5,2564,2128
19_13_8.png,19,13,34799,35121,232122.99999999997,162379.49999999997,2540,2104
19_13_80.png,19,13,20415,20561,215864.50000000003,147627.5,1932,1620
19_13_81.png,19,13,27859,28429,247483.99999999997,180236.00000000006,2264,1888
19_13_82.png,19,13,17899,18093,175290.0000000001,125767.49999999999,1804,1508
19_13_83.png,19,13,14255,14461,215895.0,148869.49999999997,1616,1344
19_13_84.png,19,13,30355,31169,244116.99999999997,164238.5000000001,2364,2004
19_13_85.png,19,13,41827,42245,248042.49999999994,186014.5000000001,2788,2312
19_13_86.png,19,13,41383,41953,267827.49999999994,200463.99999999997,2756,2308
19_13_87.png,19,13,13355,13453,225887.49999999997,158313.00000000003,1552,1300
19_13_88.png,19,13,19563,19837,192747.50000000006,147180.5,1892,1584
19_13_89.png,19,13,31427,31585,264368.5,198238.49999999997,2424,2000
19_13_9.png,19,13,41871,42449,256524.00000000006,188310.00000000006,2792,2340
19_13_90.png,19,13,21059,21221,202393.00000000003,154216.50000000003,1952,1632
19_13_91.png,19,13,12035,12249,197198.5000000001,148518.50000000003,1472,1244
19_13_92.png,19,13,28099,27981,212876.4999999999,151731.00000000003,2268,1876
19_13_93.png,19,13,18611,18501,232641.5,173543.0,1856,1520
19_13_94.png,19,13,19083,19089,222789.0,168471.50000000003,1876,1552
19_13_95.png,19,13,35115,35641,283362.0,209265.0,2544,2128
19_13_96.png,19,13,34751,35257,238404.50000000003,172847.49999999994,2520,2128
19_13_97.png,19,13,11271,11221,201682.5,142444.99999999997,1424,1164
19_13_98.png,19,13,39139,39497,219290.9999999999,162287.5,2676,2248
19_13_99.png,19,13,40715,41429,255318.50000000003,192065.49999999994,2736,2296
19_19_0.png,19,19,12947,13327,257910.5,175724.5,1540,1568
19_19_1.png,19,19,24127,23827,250405.49999999994,189089.50000000003,2112,2088
19_19_10.png,19,19,11895,12067,223732.5,164262.0,1464,1480
19_19_11.png,19,19,8271,8191,204718.0,141071.5,1208,1208
19_19_12.png,19,19,39379,39243,274867.9999999999,205454.00000000003,2696,2684
19_19_13.png,19,19,15507,15911,281439.5,208387.99999999994,1692,1692
19_19_14.png,19,19,10147,10239,145807.5,205581.00000000003,1352,1364
19_19_15.png,19,19,11251,11247,251548.49999999997,190237.50000000003,1424,1424
19_19_16.png,19,19,10723,10499,186255.00000000003,141466.50000000003,1388,1376
19_19_17.png,19,19,11915,12099,161211.49999999997,213782.49999999997,1472,1488
19_19_18.png,19,19,34215,34255,193382.99999999997,252153.50000000003,2512,2524
19_19_19.png,19,19,40015,39951,172779.0,225989.00000000003,2728,2724
19_19_2.png,19,19,10767,10819,144365.49999999997,194930.99999999994,1388,1396
19_19_20.png,19,19,10019,10043,204998.49999999997,146549.5,1340,1336
19_19_21.png,19,19,13351,13579,222697.00000000003,169665.5,1564,1576
19_19_22.png,19,19,25363,25307,190577.49999999994,262979.5,2156,2164
19_19_23.png,19,19,9983,9815,152583.0,199613.00000000006,1328,1324
19_19_24.png,19,19,17915,18063,181355.99999999997,244241.4999999999,1804,1824
19_19_25.png,19,19,32191,32659,277683.0000000001,196211.50000000003,2436,2452
19_19_26.png,19,19,12663,12631,140387.49999999997,203935.0,1524,1516
19_19_27.png,19,19,36475,36667,169840.50000000003,231626.49999999997,2596,2588
19_19_28.png,19,19,24075,23671,275218.0,206910.49999999994,2108,2096
19_19_29.png,19,19,9019,8979,170788.5,238356.00000000006,1268,1268
19_19_3.png,19,19,11875,11931,210393.00000000003,158188.5,1464,1468
19_19_30.png,19,19,16827,17179,171179.99999999994,224048.99999999994,1740,1780
19_19_31.png,19,19,21691,21739,230248.0,168964.99999999997,2008,2004
19_19_32.png,19,19,26891,26943,202492.5,264284.5,2224,2236
19_19_33.png,19,19,14359,14187,147396.5,202644.5,1612,1604
19_19_34.png,19,19,14559,14495,262723.0,193185.49999999997,1640,1624
19_19_35.png,19,19,17563,17471,195476.5,259233.5000000001,1780,1768
19_19_36.png,19,19,9183,9179,186606.50000000006,269890.49999999994,1284,1280
19_19_37.png,19,19,17483,17439,171453.5,234149.5000000001,1796,1788
19_19_38.png,19,19,17559,17383,204909.00000000003,274807.00000000006,1788,1784
19_19_39.png,19,19,11371,11419,198952.49999999997,283448.5000000001,1432,1440
19_19_4.png,19,19,18151,18363,161841.99999999997,227262.50000000003,1816,1852
19_19_40.png,19,19,19595,19527,149052.5,210426.49999999994,1892,1900
19_19_41.png,19,19,23403,23855,185273.5,248939.50000000003,2076,2116
19_19_42.png,19,19,27227,27107,267876.5,192791.50000000006,2224,2236
19_19_43.png,19,19,11803,11623,176044.00000000003,244838.5000000001,1460,1448
19_19_44.png,19,19,8831,8691,171291.00000000003,251041.50000000006,1260,1244
19_19_45.png,19,19,10943,11039,239189.50000000006,165636.5,1400,1408
19_19_46.png,19,19,9355,9299,229622.99999999997,175207.49999999997,1296,1288
19_19_47.png,19,19,14139,14071,152404.00000000003,204802.49999999994,1596,1588
19_19_48.png,19,19,32035,31975,246196.49999999997,177608.49999999997,2436,2444
19_19_49.png,19,19,8959,8939,174978.99999999997,245502.99999999997,1264,1264
19_19_5.png,19,19,17019,17259,168113.49999999997,245867.00000000003,1764,1780
19_19_50.png,19,19,15255,15363,188561.50000000003,281300.5,1652,1672
19_19_51.png,19,19,10323,10571,187546.00000000003,260574.50000000003,1368,1380
19_19_52.png,19,19,21483,21487,213262.49999999997,157119.5,1984,1980
19_19_53.png,19,19,17103,16695,207110.99999999997,155405.99999999994,1776,1756
19_19_54.png,19,19,15751,15791,182498.49999999997,241086.50000000003,1684,1696
19_19_55.png,19,19,9851,9875,252816.0,175850.00000000015,1328,1328
19_19_56.png,19,19,10351,10179,253274.0,187684.49999999994,1360,1356
19_19_57.png,19,19,25515,25459,168508.0,228555.00000000006,2164,2168
19_19_58.png,19,19,31915,32051,192045.5,259323.49999999994,2436,2428
19_19_59.png,19,19,8635,8827,232944.99999999997,176412.49999999994,1236,1256
19_19_6.png,19,19,10383,10219,192963.50000000003,253832.5,1368,1344
19_19_60.png,19,19,23827,24039,175418.5,243788.0,2088,2100
19_19_61.png,19,19,15935,15511,168410.49999999997,236320.99999999997,1708,1668
19_19_62.png,19,19,28591,28671,165513.0,216194.49999999994,2304,2304
19_19_63.png,19,19,23843,23467,251636.49999999997,191835.49999999997,2084,2088
19_19_64.png,19,19,31687,31679,175284.99999999997,230875.00000000003,2416,2424
19_19_65.png,19,19,17627,17483,192340.5,146203.0,1792,1796
19_19_66.png,19,19,8407,8507,239130.49999999997,183265.50000000006,1224,1228
19_19_67.png,19,19,16847,16951,168658.5,221472.50000000003,1748,1756
19_19_68.png,19,19,9779,9739,225710.49999999997,151573.0,1324,1312
19_19_69.png,19,19,10343,10367,254334.5000000001,192369.49999999997,1360,1368
19_19_7.png,19,19,22263,21891,213558.0,162168.00000000003,2024,2020
19_19_70.png,19,19,15819,15667,181157.00000000003,243070.50000000003,1692,1684
19_19_71.png,19,19,38211,38471,211491.5,291340.49999999994,2644,2676
19_19_72.png,19,19,19539,19515,153657.99999999997,200638.00000000003,1896,1884
19_19_73.png,19,19,21147,21311,236722.99999999997,164829.00000000003,1972,1992
19_19_74.png,19,19,8371,8511,214751.0,144509.00000000006,1196,1224
19_19_75.png,19,19,9315,9323,246695.50000000003,183848.5,1280,1288
19_19_76.png,19,19,14683,14575,144729.49999999997,190502.5,1636,1628
19_19_77.png,19,19,15095,15343,193214.5,270341.99999999994,1652,1664
19_19_78.png,19,19,17655,17619,158601.00000000003,211652.50000000006,1800,1788
19_19_79.png,19,19,13551,13595,255597.49999999997,195567.99999999997,1572,1584
19_19_8.png,19,19,15215,15331,150193.5,210954.00000000003,1652,1660
19_19_80.png,19,19,8635,8915,141742.00000000003,205740.49999999997,1232,1260
19_19_81.png,19,19,16111,15911,206327.0,284959.99999999994,1720,1696
19_19_82.png,19,19,23723,23579,255211.0,191641.50000000006,2076,2088
19_19_83.png,19,19,9191,9107,180707.9999999999,257127.0,1280,1272
19_19_84.png,19,19,14615,14471,194362.99999999997,263128.00000000006,1628,1612
19_19_85.png,19,19,18499,18639,195528.0,149967.99999999994,1852,1864
19_19_86.png,19,19,34151,34151,185267.49999999997,242505.0,2512,2508
19_19_87.png,19,19,8523,8591,210425.5,152644.49999999988,1228,1228
19_19_88.png,19,19,8847,8875,239610.0,176484.00000000003,1260,1260
19_19_89.png,19,19,11283,11487,254801.50000000006,193811.99999999994,1428,1444
19_19_9.png,19,19,32339,32611,267608.5,201491.5,2440,2452
19_19_90.png,19,19,23691,23595,276551.0,196075.5,2092,2088
19_19_91.png,19,19,11255,11467,170163.49999999997,235198.50000000003,1428,1440
19_19_92.png,19,19,8611,8539,247013.0,182834.0,1232,1232
19_19_93.png,19,19,12227,11999,273298.0,204432.99999999994,1492,1472
19_19_94.png,19,19,12391,12487,203000.49999999997,147918.50000000003,1488,1512
19_19_95.png,19,19,10287,10411,184497.5,249572.99999999997,1356,1364
19_19_96.png,19,19,17739,17859,179668.99999999997,240959.9999999999,1792,1808
19_19_97.png,19,19,30247,29807,194989.0,257999.0,2376,2348
19_19_98.png,19,19,11287,11207,238904.5,177737.0,1420,1416
19_19_99.png,19,19,21643,21587,253579.5,193481.99999999997,1984,1992
19_27_0.png,19,27,30959,30763,213359.50000000003,278055.5,2400,2832
19_27_1.png,19,27,25819,25507,204809.00000000006,273983.50000000006,2172,2576
19_27_10.png,19,27,17515,17123,201038.00000000006,265667.4999999998,1780,2104
19_27_11.png,19,27,20575,20027,173765.5,236222.50000000003,1952,2284
19_27_12.png,19,27,17151,16719,207421.0,276580.00000000006,1768,2076
19_27_13.png,19,27,18387,18251,194300.00000000003,268727.49999999994,1836,2164
19_27_14.png,19,27,26579,26411,200582.49999999994,265890.5,2224,2620
19_27_15.png,19,27,9539,9231,206251.9999999999,286602.0,1308,1532
19_27_16.png,19,27,9019,8583,140014.49999999997,183850.0,1272,1464
19_27_17.png,19,27,26331,25991,164954.99999999997,217249.9999999999,2204,2584
19_27_18.png,19,27,26343,26083,202046.5,266433.5,2208,2588
19_27_19.png,19,27,11695,11043,175925.5,242209.50000000003,1456,1668
19_27_2.png,19,27,14923,14851,174948.50000000006,229572.00000000003,1656,1948
19_27_20.png,19,27,11979,11699,151157.0,207571.00000000006,1472,1728
19_27_21.png,19,27,16107,15923,179731.49999999997,245722.49999999997,1696,2020
19_27_22.png,19,27,15267,14727,179201.99999999997,237251.50000000003,1660,1936
19_27_23.png,19,27,12091,12263,146375.49999999997,203092.99999999997,1476,1764
19_27_24.png,19,27,30783,30595,197340.99999999994,265071.0,2388,2844
19_27_25.png,19,27,16295,16215,171372.49999999997,226119.4999999999,1740,2040
19_27_26.png,19,27,40519,40539,218797.0,293776.0,2736,3264
19_27_27.png,19,27,23703,23575,195637.99999999997,255866.99999999994,2100,2476
19_27_28.png,19,27,27535,27351,197043.49999999997,269387.0,2252,2672
19_27_29.png,19,27,8995,8763,169535.00000000003,253197.0,1260,1480
19_27_3.png,19,27,24123,23951,168276.50000000006,222649.49999999994,2104,2496
19_27_30.png,19,27,10371,10367,149901.0,217607.0000000001,1356,1620
19_27_31.png,19,27,25739,25747,178701.0,247749.00000000006,2184,2600
19_27_32.png,19,27,13435,13387,186593.49999999997,263341.49999999994,1564,1844
19_27_33.png,19,27,24323,23951,179835.50000000006,245391.00000000003,2096,2484
19_27_34.png,19,27,21443,21119,211340.0,278092.50000000006,1980,2340
19_27_35.png,19,27,8571,8315,184246.0,244948.5,1248,1464
19_27_36.png,19,27,15639,15487,162486.0,214046.49999999997,1688,1992
19_27_37.png,19,27,8487,8067,185632.50000000003,249526.00000000003,1220,1428
19_27_38.png,19,27,10467,10375,177734.99999999994,257252.50000000003,1364,1624
19_27_39.png,19,27,17635,17475,185211.0,254710.5,1788,2120
19_27_4.png,19,27,17679,17151,180595.49999999997,256413.99999999994,1808,2096
19_27_40.png,19,27,29355,28935,201230.5000000001,266999.5,2328,2752
19_27_41.png,19,27,28383,28375,205483.50000000003,285420.9999999999,2280,2720
19_27_42.png,19,27,17323,16979,186482.49999999997,269307.5,1788,2084
19_27_43.png,19,27,19255,19291,143392.0,186658.5,1872,2240
19_27_44.png,19,27,11987,11855,151435.50000000003,223277.50000000015,1480,1728
19_27_45.png,19,27,9951,9655,168235.5,233436.5,1328,1564
19_27_46.png,19,27,9531,9367,156062.50000000003,220132.99999999994,1304,1524
19_27_47.png,19,27,11603,11383,154520.0,223184.0,1444,1688
19_27_48.png,19,27,11307,10935,168498.00000000003,219903.49999999997,1424,1660
19_27_49.png,19,27,21983,21867,190644.00000000003,274059.99999999994,2008,2392
19_27_5.png,19,27,18879,18519,153076.00000000003,213110.00000000006,1860,2188
19_27_50.png,19,27,16755,16495,190961.00000000006,265186.50000000006,1740,2056
19_27_51.png,19,27,27027,26667,195383.50000000006,266417.9999999999,2236,2648
19_27_52.png,19,27,19827,19391,180776.0,238736.50000000003,1916,2248
19_27_53.png,19,27,11587,11327,181501.99999999994,246582.00000000006,1448,1692
19_27_54.png,19,27,12919,12907,178156.99999999994,243244.99999999997,1540,1808
19_27_55.png,19,27,31287,31303,209870.50000000003,276356.50000000006,2408,2864
19_27_56.png,19,27,14639,14443,201427.5,276795.99999999994,1628,1908
19_27_57.png,19,27,12883,12811,177381.5,232685.50000000012,1528,1796
19_27_58.png,19,27,34731,34795,183692.49999999994,240824.50000000006,2540,3016
19_27_59.png,19,27,15427,15079,183038.99999999994,258694.00000000003,1676,1956
19_27_6.png,19,27,39651,39291,211662.00000000006,277045.0,2688,3220
19_27_60.png,19,27,21267,20999,208130.99999999997,273569.9999999999,1976,2304
19_27_61.png,19,27,24631,24371,203300.0,274701.5,2136,2524
19_27_62.png,19,27,15203,15203,198977.00000000003,269719.50000000006,1676,1972
19_27_63.png,19,27,9511,8999,198586.50000000003,260314.5,1304,1508
19_27_64.png,19,27,20559,20535,171674.50000000003,225132.0,1944,2312
19_27_65.png,19,27,9759,9691,185309.5,245215.5,1316,1564
19_27_66.png,19,27,15887,15831,171059.5000000001,224478.50000000003,1696,2012
19_27_67.png,19,27,18323,17959,167383.49999999997,226419.00000000003,1836,2148
19_27_68.png,19,27,17455,17399,172794.0,227643.99999999988,1780,2116
19_27_69.png,19,27,19795,19687,158062.0000000001,209939.50000000003,1908,2244
19_27_7.png,19,27,9547,9507,139649.00000000003,185119.0,1312,1544
19_27_70.png,19,27,34635,34251,196441.99999999997,255971.00000000006,2532,2976
19_27_71.png,19,27,8923,9131,133740.49999999997,197172.5,1260,1520
19_27_72.png,19,27,12635,12727,149035.5,195212.49999999994,1516,1780
19_27_73.png,19,27,18471,18267,169810.0,225323.00000000003,1824,2176
19_27_74.png,19,27,18743,18383,172518.49999999997,229600.49999999994,1868,2180
19_27_75.png,19,27,26747,26811,208354.5,273532.00000000006,2216,2640
19_27_76.png,19,27,8555,8363,158963.49999999997,214265.99999999994,1232,1440
19_27_77.png,19,27,21491,21235,209040.99999999997,276729.5,1984,2332
19_27_78.png,19,27,22279,21927,209675.4999999999,273059.00000000006,2016,2380
19_27_79.png,19,27,14363,14091,158108.99999999997,218889.00000000003,1608,1900
19_27_8.png,19,27,15239,15067,191042.50000000003,259741.00000000006,1680,1964
19_27_80.png,19,27,14735,14727,182005.0,256891.00000000003,1632,1940
19_27_81.png,19,27,13599,13427,177859.0,246507.49999999997,1576,1844
19_27_82.png,19,27,25059,25087,212783.5000000001,284821.0,2140,2544
19_27_83.png,19,27,19175,19055,159117.49999999997,232250.50000000003,1880,2220
19_27_84.png,19,27,8767,8423,148297.49999999997,195654.5,1252,1440
19_27_85.png,19,27,8547,8439,143325.50000000006,198329.00000000003,1240,1448
19_27_86.png,19,27,10655,10659,149529.50000000006,200605.49999999997,1384,1632
19_27_87.png,19,27,10179,9559,162644.5,219074.50000000003,1356,1548
19_27_88.png,19,27,15855,15675,199161.5,268391.5,1708,2008
19_27_89.png,19,27,11239,11003,151736.0,199929.5,1424,1672
19_27_9.png,19,27,15603,15747,156869.99999999997,206210.5,1684,2008
19_27_90.png,19,27,17295,16675,184733.0,245665.0,1784,2064
19_27_91.png,19,27,11795,11787,188498.5,248039.50000000003,1468,1708
19_27_92.png,19,27,10855,10623,156888.50000000003,205937.5,1396,1628
19_27_93.png,19,27,30347,29807,175202.50000000003,231195.49999999997,2364,2796
19_27_94.png,19,27,8923,8891,136527.49999999994,182559.50000000003,1260,1476
19_27_95.png,19,27,12067,11523,167290.00000000003,225577.99999999994,1488,1692
19_27_96.png,19,27,19359,19143,188352.0,248177.49999999997,1892,2224
19_27_97.png,19,27,33011,32727,194931.99999999997,285111.50000000006,2464,2928
19_27_98.png,19,27,16443,16463,176377.49999999997,253718.50000000006,1740,2056
19_27_99.png,19,27,17003,16579,160514.5,226156.00000000015,1756,2064
27_13_0.png,27,13,29347,29337,222652.50000000003,166192.50000000006,2764,1944
27_13_1.png,27,13,21707,22081,232395.5,171957.5,2368,1672
27_13_10.png,27,13,9955,10177,206213.49999999997,151605.00000000003,1588,1132
27_13_11.png,27,13,29523,29921,241145.49999999997,178359.0,2780,1936
27_13_12.png,27,13,38851,39669,276976.9999999999,189567.49999999997,3168,2244
27_13_13.png,27,13,24215,24673,189796.5,137968.99999999994,2504,1768
27_13_14.png,27,13,15479,15745,275367.5,200035.49999999997,1988,1396
27_13_15.png,27,13,9387,9653,213930.99999999997,149683.50000000003,1540,1104
27_13_16.png,27,13,18035,18701,191096.99999999994,130258.99999999997,2156,1532
27_13_17.png,27,13,23215,23581,265201.49999999994,183331.0,2444,1724
27_13_18.png,27,13,14299,14449,177811.50000000003,127334.50000000001,1904,1340
27_13_19.png,27,13,11167,11517,185107.99999999997,139791.0,1680,1208
27_13_2.png,27,13,9931,10349,239062.00000000003,169199.9999999999,1584,1132
27_13_20.png,27,13,8895,9233,225600.0,168352.50000000003,1492,1068
27_13_21.png,27,13,35135,35861,220097.50000000003,167172.50000000003,3036,2144
27_13_22.png,27,13,16243,16377,197688.49999999994,137229.0,2040,1432
27_13_23.png,27,13,20211,21001,214409.99999999997,146545.50000000003,2300,1612
27_13_24.png,27,13,30575,30869,251199.5,186225.0,2816,1980
27_13_25.png,27,13,39339,40189,212273.5,163586.5,3204,2256
27_13_26.png,27,13,34167,34737,268154.0,202444.50000000006,2996,2100
27_13_27.png,27,13,29055,29665,228569.50000000003,165101.49999999994,2756,1944
27_13_28.png,27,13,37959,39001,248562.50000000006,185822.0,3152,2232
27_13_29.png,27,13,23623,24337,250020.0,179568.00000000006,2464,1744
27_13_3.png,27,13,13787,14373,212136.49999999994,153433.5,1868,1348
27_13_30.png,27,13,33755,34033,251451.5,176555.50000000003,2968,2088
27_13_31.png,27,13,8383,8789,229732.99999999997,167656.50000000003,1432,1044
27_13_32.png,27,13,19487,20069,205912.0,157497.99999999994,2240,1588
27_13_33.png,27,13,13071,13173,223748.0,159064.99999999994,1816,1284
27_13_34.png,27,13,30383,31057,268257.4999999999,182617.50000000006,2808,1988
27_13_35.png,27,13,41367,41913,218245.5000000001,167468.50000000003,3288,2320
27_13_36.png,27,13,25419,25913,229147.00000000003,155377.0,2560,1828
27_13_37.png,27,13,39607,40501,225038.5,157048.9999999999,3212,2272
27_13_38.png,27,13,24903,25561,209294.0,154125.5,2548,1776
27_13_39.png,27,13,11007,11373,205766.50000000003,142997.50000000003,1656,1192
27_13_4.png,27,13,17175,17601,229853.99999999997,168211.99999999997,2112,1484
27_13_40.png,27,13,35131,35825,251109.00000000003,174097.0,3012,2120
27_13_41.png,27,13,9415,9649,214991.5,153996.49999999997,1536,1100
27_13_42.png,27,13,10099,10565,271677.5,204725.49999999997,1592,1140
27_13_43.png,27,13,17115,17417,242253.0,167112.0,2104,1484
27_13_44.png,27,13,23087,23457,205515.49999999994,155308.00000000003,2444,1724
27_13_45.png,27,13,14659,15041,215902.5,155016.00000000003,1936,1372
27_13_46.png,27,13,25475,25781,275129.49999999994,202780.00000000003,2580,1804
27_13_47.png,27,13,37395,37733,259393.0,198895.0,3104,2176
27_13_48.png,27,13,9559,9661,244517.0,183113.5,1544,1100
27_13_49.png,27,13,15831,15961,203187.5,138189.50000000006,2012,1416
27_13_5.png,27,13,15075,15413,272518.4999999999,188288.5,1952,1384
27_13_50.png,27,13,25239,26021,258437.49999999997,189648.49999999997,2560,1808
27_13_51.png,27,13,18831,19069,240776.00000000003,162532.99999999997,2208,1552
27_13_52.png,27,13,22511,23013,249837.49999999997,173612.0,2396,1708
27_13_53.png,27,13,24771,25093,222522.50000000003,170632.5,2536,1768
27_13_54.png,27,13,11403,11801,229951.0,175211.00000000006,1680,1208
27_13_55.png,27,13,33231,33793,233175.00000000003,172081.5,2940,2092
27_13_56.png,27,13,9631,9753,238461.49999999997,179519.00000000003,1560,1088
27_13_57.png,27,13,38731,39297,261140.99999999997,183460.50000000006,3180,2240
27_13_58.png,27,13,30323,31149,269470.99999999994,192693.0,2796,1984
27_13_59.png,27,13,17303,18033,222839.50000000006,159690.0,2116,1500
27_13_6.png,27,13,9203,9585,228403.99999999997,165610.5,1520,1092
27_13_60.png,27,13,40891,41853,281956.5,203716.0,3276,2296
27_13_61.png,27,13,35427,35789,273614.0,191375.50000000012,3036,2132
27_13_62.png,27,13,36963,37169,248422.50000000003,189350.5,3092,2172
27_13_63.png,27,13,16595,16809,200235.00000000006,149468.0,2064,1456
27_13_64.png,27,13,10575,10941,226928.49999999997,169987.50000000003,1628,1160
27_13_65.png,27,13,12163,12653,261076.99999999997,197441.99999999994,1740,1260
27_13_66.png,27,13,17883,18249,259478.5,198752.5,2152,1524
27_13_67.png,27,13,9835,10193,213923.0,156866.5,1572,1120
27_13_68.png,27,13,13855,14521,223684.00000000006,167458.50000000003,1856,1344
27_13_69.png,27,13,31855,32273,259014.99999999997,188477.0,2896,2020
27_13_7.png,27,13,33711,34737,266998.5,196520.0000000001,2956,2096
27_13_70.png,27,13,38199,38973,266534.5,195550.50000000006,3180,2240
27_13_71.png,27,13,10423,10909,231154.0,167391.49999999994,1620,1168
27_13_72.png,27,13,41779,42825,252817.50000000003,192183.0000000001,3300,2348
27_13_73.png,27,13,38147,38597,262976.00000000006,201762.49999999985,3136,2212
27_13_74.png,27,13,12515,12861,191316.00000000003,137285.50000000006,1776,1276
27_13_75.png,27,13,19239,19589,244611.0,171565.00000000003,2232,1572
27_13_76.png,27,13,26059,26353,278213.5,200539.50000000003,2604,1824
27_13_77.png,27,13,22639,23429,207261.0,154830.5,2412,1724
27_13_78.png,27,13,16207,16277,264822.5,183932.99999999997,2040,1440
27_13_79.png,27,13,20375,21197,262028.0,201069.0,2284,1632
27_13_8.png,27,13,33707,34365,236733.0,174222.00000000012,2976,2104
27_13_80.png,27,13,22011,22457,258857.50000000003,188970.4999999999,2392,1676
27_13_81.png,27,13,10407,10613,257926.5,186672.50000000003,1624,1164
27_13_82.png,27,13,41171,41637,278227.99999999994,194520.00000000003,3292,2320
27_13_83.png,27,13,23767,24245,224741.50000000003,172981.99999999997,2484,1752
27_13_84.png,27,13,26335,26693,235591.50000000003,162850.00000000006,2624,1816
27_13_85.png,27,13,31431,31925,249730.00000000003,188900.50000000003,2868,2008
27_13_86.png,27,13,32943,33613,222239.0,170855.49999999994,2944,2064
27_13_87.png,27,13,27131,27629,228180.99999999994,154206.5,2664,1848
27_13_88.png,27,13,17423,17641,211076.5,154634.49999999994,2120,1488
27_13_89.png,27,13,9227,9469,225196.5,152020.5,1524,1088
27_13_9.png,27,13,41115,41637,272768.00000000006,207487.0,3288,2296
27_13_90.png,27,13,21647,22153,242769.00000000003,170044.49999999994,2348,1676
27_13_91.png,27,13,30911,31737,225739.99999999994,169169.5,2844,2016
27_13_92.png,27,13,21143,21665,244553.0,187384.49999999994,2324,1652
27_13_93.png,27,13,40763,41525,285238.5000000001,216643.49999999994,3268,2304
27_13_94.png,27,13,14611,14765,235190.49999999997,168928.00000000003,1912,1356
27_13_95.png,27,13,20239,20857,271127.5,186279.5000000001,2288,1616
27_13_96.png,27,13,12739,13137,240460.00000000006,177744.99999999997,1788,1284
27_13_97.png,27,13,8971,9489,267639.99999999994,193954.0,1500,1088
27_13_98.png,27,13,28323,28749,261104.0,184973.99999999994,2728,1904
27_13_99.png,27,13,23979,24433,263504.99999999994,181521.0,2512,1744
27_19_0.png,27,19,22115,22319,264140.50000000006,194919.50000000003,2400,2024
27_19_1.png,27,19,13711,13851,231956.00000000003,175921.49999999997,1876,1588
27_19_10.png,27,19,20035,20635,223725.49999999997,160372.49999999997,2276,1940
27_19_11.png,27,19,35991,35943,277363.0,210651.49999999997,3072,2572
27_19_12.png,27,19,17143,17411,216229.49999999997,157842.5,2104,1780
27_19_13.png,27,19,33523,33883,284080.50000000006,205723.50000000003,2964,2500
27_19_14.png,27,19,22819,23067,279250.5,212680.50000000003,2436,2060
27_19_15.png,27,19,27211,27091,257804.50000000003,198189.50000000006,2656,2232
27_19_16.png,27,19,26771,26531,271065.50000000006,194038.0,2660,2216
27_19_17.png,27,19,9399,9503,220373.00000000003,146554.50000000006,1532,1304
27_19_18.png,27,19,15847,16235,259487.0,178739.99999999997,2008,1712
27_19_19.png,27,19,26567,26919,208908.50000000006,155833.0,2628,2224
27_19_2.png,27,19,14675,14995,203875.50000000006,146946.0,1928,1656
27_19_20.png,27,19,21871,21979,267370.50000000006,189080.49999999997,2388,1996
27_19_21.png,27,19,23675,24019,257906.5,198089.99999999994,2500,2100
27_19_22.png,27,19,17979,17919,253763.00000000003,186320.5,2156,1800
27_19_23.png,27,19,9811,9987,235129.50000000006,175811.5,1568,1332
27_19_24.png,27,19,15871,15871,182302.99999999997,137511.99999999994,2012,1684
27_19_25.png,27,19,28427,29119,248712.49999999994,190855.50000000003,2720,2316
27_19_26.png,27,19,32299,32463,250965.5,191751.5,2908,2452
27_19_27.png,27,19,13719,14059,254752.5,179765.0,1880,1608
27_19_28.png,27,19,41251,41307,272610.4999999999,197281.9999999999,3280,2768
27_19_29.png,27,19,16715,17159,236588.00000000003,176510.00000000012,2072,1768
27_19_3.png,27,19,18335,18707,269597.4999999999,188667.99999999997,2176,1844
27_19_30.png,27,19,13131,13479,192660.0,134546.5,1824,1584
27_19_31.png,27,19,19923,20059,263250.5,200341.0,2264,1932
27_19_32.png,27,19,31323,31579,299253.99999999994,217382.50000000003,2844,2424
27_19_33.png,27,19,37955,37991,285382.00000000006,214149.5,3156,2648
27_19_34.png,27,19,9651,10027,224925.5,165560.49999999997,1572,1344
27_19_35.png,27,19,14207,14487,280299.5,194734.5,1908,1612
27_19_36.png,27,19,8843,9199,222597.5,155108.50000000003,1472,1280
27_19_37.png,27,19,9319,9507,233909.49999999997,174290.00000000003,1536,1304
27_19_38.png,27,19,16331,16459,230017.00000000003,168691.00000000012,2052,1748
27_19_39.png,27,19,28207,28879,253929.0,181198.00000000003,2728,2288
27_19_4.png,27,19,11071,11327,235747.50000000003,180629.00000000003,1664,1436
27_19_40.png,27,19,16819,17095,273582.5,205035.0,2084,1752
27_19_41.png,27,19,11527,11527,238548.5,161947.0,1700,1436
27_19_42.png,27,19,21871,21935,238812.0000000001,178166.00000000003,2356,1988
27_19_43.png,27,19,25139,24851,271432.50000000006,204470.5,2556,2148
27_19_44.png,27,19,20751,21143,253622.49999999997,188458.50000000006,2312,1968
27_19_45.png,27,19,23743,23651,268812.0,199464.99999999997,2504,2096
27_19_46.png,27,19,15035,15015,265498.50000000006,189432.49999999997,1968,1644
27_19_47.png,27,19,17783,17883,235339.5,168887.0,2136,1804
27_19_48.png,27,19,9583,9547,225713.49999999997,155482.50000000006,1560,1304
27_19_49.png,27,19,24851,25167,261643.49999999994,199871.00000000006,2540,2144
27_19_5.png,27,19,40643,41175,282851.0,209208.0,3264,2760
27_19_50.png,27,19,12907,13047,238901.50000000003,174892.50000000006,1812,1528
27_19_51.png,27,19,25643,25999,275687.0,204019.5,2592,2196
27_19_52.png,27,19,23615,23883,257961.0,197654.0,2456,2108
27_19_53.png,27,19,19779,19835,207147.5,158963.00000000006,2268,1908
27_19_54.png,27,19,27971,28687,243729.49999999997,184891.50000000003,2700,2292
27_19_55.png,27,19,25983,26039,261555.49999999997,191027.0,2600,2196
27_19_56.png,27,19,27899,28455,254078.5000000001,181326.00000000003,2704,2288
27_19_57.png,27,19,10991,11103,257784.49999999994,176052.50000000006,1660,1412
27_19_58.png,27,19,26971,27183,270771.49999999994,205894.00000000003,2656,2220
27_19_59.png,27,19,8055,8263,194422.50000000003,147808.00000000003,1416,1220
27_19_6.png,27,19,20055,19895,213482.00000000003,161989.00000000003,2272,1916
27_19_60.png,27,19,8687,8963,277290.00000000006,196845.00000000003,1488,1260
27_19_61.png,27,19,10879,11159,198376.49999999997,149429.0,1664,1420
27_19_62.png,27,19,15835,16215,235179.50000000003,173369.5,2016,1712
27_19_63.png,27,19,17519,17483,257417.0,175754.99999999994,2128,1776
27_19_64.png,27,19,10815,10907,259284.99999999997,184751.5,1648,1400
27_19_65.png,27,19,11571,11547,208723.49999999997,159421.50000000003,1704,1448
27_19_66.png,27,19,27043,27407,264409.00000000006,202899.5,2636,2232
27_19_67.png,27,19,17383,17691,276756.00000000006,212132.5,2120,1796
27_19_68.png,27,19,10519,10475,224360.99999999997,162411.5,1624,1368
27_19_69.png,27,19,22251,22843,236174.00000000006,176681.5,2392,2044
27_19_7.png,27,19,20671,20711,228837.99999999997,167158.5,2300,1940
27_19_70.png,27,19,33783,34503,282261.5,208925.5,2956,2516
27_19_71.png,27,19,16411,16487,260353.99999999997,186687.5,2056,1724
27_19_72.png,27,19,34655,34431,272085.50000000006,207975.49999999994,3000,2528
27_19_73.png,27,19,18291,18263,198716.5,136845.49999999994,2160,1828
27_19_74.png,27,19,14271,14367,208674.5,156192.0,1904,1604
27_19_75.png,27,19,13695,14055,276493.5,209115.50000000003,1872,1608
27_19_76.png,27,19,12299,12463,249042.0,183696.00000000003,1768,1504
27_19_77.png,27,19,13023,13495,245841.49999999997,186182.00000000006,1812,1576
27_19_78.png,27,19,9175,9555,253985.49999999997,177149.5,1516,1304
27_19_79.png,27,19,15387,15767,255809.5,193119.99999999997,1980,1696
27_19_8.png,27,19,26611,26871,232377.50000000006,174906.5,2612,2208
27_19_80.png,27,19,14167,14491,240126.50000000006,174861.49999999994,1888,1612
27_19_81.png,27,19,16207,16443,233994.49999999997,168637.5,2036,1732
27_19_82.png,27,19,16011,16279,222813.0,165861.0,2024,1732
27_19_83.png,27,19,11051,11335,245789.0,171179.00000000003,1680,1428
27_19_84.png,27,19,12223,12759,215532.0,165556.99999999997,1748,1516
27_19_85.png,27,19,11807,11931,200991.99999999997,148268.0,1728,1464
27_19_86.png,27,19,15027,14971,242531.99999999994,180219.0,1964,1640
27_19_87.png,27,19,9539,9911,258982.00000000003,178990.00000000003,1544,1336
27_19_88.png,27,19,17347,17723,231443.5,171011.49999999994,2112,1792
27_19_89.png,27,19,21123,21371,270854.0,201693.49999999994,2324,1988
27_19_9.png,27,19,17711,17707,280166.0000000001,187842.50000000003,2140,1792
27_19_90.png,27,19,21263,21423,270458.5,204880.50000000006,2320,1988
27_19_91.png,27,19,17099,17459,243591.00000000003,182856.5,2112,1800
27_19_92.png,27,19,17391,17619,282193.5,207145.99999999997,2108,1788
27_19_93.png,27,19,19351,19495,198266.49999999994,150356.0,2236,1888
27_19_94.png,27,19,22239,22631,268282.4999999999,200448.0,2384,2032
27_19_95.png,27,19,18251,18515,266277.0,199884.99999999994,2160,1852
27_19_96.png,27,19,19683,19519,273491.49999999994,207051.50000000003,2244,1900
27_19_97.png,27,19,18399,18659,196001.00000000003,148751.99999999997,2172,1832
27_19_98.png,27,19,21723,21819,255452.5,193537.5,2372,2000
27_19_99.png,27,19,16083,15951,195959.49999999997,147174.50000000003,2032,1704
27_27_0.png,27,27,15251,15387,196104.0,264147.00000000006,1976,1980
27_27_1.png,27,27,11951,12119,292079.5,217645.50000000012,1724,1740
27_27_10.png,27,27,16703,16723,205075.50000000006,269858.5,2080,2080
27_27_11.png,27,27,10039,10023,159264.00000000006,221487.00000000003,1588,1592
27_27_12.png,27,27,8319,8347,239629.5,178435.49999999997,1436,1460
27_27_13.png,27,27,11599,11631,190388.50000000003,253546.49999999997,1700,1720
27_27_14.png,27,27,9375,9559,182910.00000000003,240674.50000000003,1548,1556
27_27_15.png,27,27,19943,20031,252747.5,193853.50000000003,2248,2280
27_27_16.png,27,27,27815,27775,218115.49999999997,285788.00000000006,2680,2692
27_27_17.png,27,27,17071,17255,265859.5,201027.00000000006,2100,2116
27_27_18.png,27,27,17999,18051,178822.49999999997,259536.99999999997,2156,2156
27_27_19.png,27,27,9259,9387,293652.0,224272.00000000003,1536,1540
27_27_2.png,27,27,9003,9179,217091.00000000003,164833.49999999994,1508,1520
27_27_20.png,27,27,10679,10635,202684.99999999997,154796.99999999994,1632,1632
27_27_21.png,27,27,12515,12363,176826.49999999997,241531.5,1776,1760
27_27_22.png,27,27,10995,11067,194025.49999999994,264652.4999999999,1652,1668
27_27_23.png,27,27,9171,9287,165878.5,232192.49999999997,1520,1544
27_27_24.png,27,27,8971,9147,264092.5,182320.00000000006,1492,1512
27_27_25.png,27,27,21771,21859,181777.0,242501.5,2388,2356
27_27_26.png,27,27,13031,12971,271375.00000000006,201958.99999999994,1816,1812
27_27_27.png,27,27,32375,32095,191395.49999999997,252015.00000000006,2924,2896
27_27_28.png,27,27,22711,22579,283789.5,214182.99999999997,2436,2404
27_27_29.png,27,27,13839,13923,271749.99999999994,208788.99999999997,1872,1884
27_27_3.png,27,27,8539,8427,207726.5,157677.5,1476,1456
27_27_30.png,27,27,14995,14927,200379.00000000006,265996.49999999994,1952,1952
27_27_31.png,27,27,13719,13583,167241.99999999997,227104.50000000003,1860,1864
27_27_32.png,27,27,8075,8167,248420.0,178650.0,1428,1428
27_27_33.png,27,27,13019,13115,284303.49999999994,215394.49999999997,1808,1816
27_27_34.png,27,27,8343,8347,211860.0,277622.0,1452,1444
27_27_35.png,27,27,20011,19939,207897.5,273144.49999999994,2288,2264
27_27_36.png,27,27,11183,11155,214750.0,285254.9999999999,1676,1676
27_27_37.png,27,27,11183,11195,215933.00000000006,291821.00000000006,1680,1672
27_27_38.png,27,27,15719,15715,220090.0,292273.50000000006,2004,2008
27_27_39.png,27,27,13211,13015,178697.5,235481.99999999997,1836,1808
27_27_4.png,27,27,14619,14603,243660.0,187005.0,1924,1928
27_27_40.png,27,27,8031,8175,274188.50000000006,207878.99999999994,1416,1420
27_27_41.png,27,27,31063,31507,260934.5,200682.99999999997,2852,2876
27_27_42.png,27,27,15351,15203,270862.9999999999,205255.0,1976,1968
27_27_43.png,27,27,9155,9027,197657.5,150235.50000000006,1516,1488
27_27_44.png,27,27,14839,14747,280319.00000000006,208177.49999999997,1944,1936
27_27_45.png,27,27,12235,12339,204419.50000000003,268772.0,1744,1756
27_27_46.png,27,27,8279,8407,172498.99999999997,225356.00000000003,1440,1444
27_27_47.png,27,27,21035,21211,199392.49999999997,262442.50000000006,2320,2336
27_27_48.png,27,27,10427,10251,154893.00000000003,217886.00000000003,1620,1608
27_27_49.png,27,27,10987,11159,174208.50000000003,229625.5,1652,1684
27_27_5.png,27,27,9179,9227,213425.50000000003,161086.49999999997,1520,1524
27_27_50.png,27,27,10655,10679,252499.0,188568.0,1640,1636
27_27_51.png,27,27,24527,24471,253194.5,194232.0000000001,2544,2544
27_27_52.png,27,27,23343,23539,201927.5000000001,264924.5,2444,2488
27_27_53.png,27,27,9587,9767,195521.49999999997,255759.00000000006,1544,1560
27_27_54.png,27,27,8591,8539,231882.0,175619.5,1452,1456
27_27_55.png,27,27,8283,8127,287974.5,215992.5,1440,1416
27_27_56.png,27,27,20187,20123,233712.5,173507.0000000001,2280,2264
27_27_57.png,27,27,17603,17647,275654.49999999994,208513.49999999997,2128,2132
27_27_58.png,27,27,11343,11375,183780.49999999997,246216.50000000003,1684,1692
27_27_59.png,27,27,8331,8399,191817.5,254792.50000000003,1428,1448
27_27_6.png,27,27,12439,12691,238203.50000000006,170476.5,1772,1788
27_27_60.png,27,27,9775,9739,267126.50000000006,203976.0,1564,1572
27_27_61.png,27,27,9715,9747,199353.99999999997,269218.0,1564,1572
27_27_62.png,27,27,9475,9559,257488.50000000003,195987.5,1544,1544
27_27_63.png,27,27,11483,11923,202154.99999999997,264751.5,1696,1728
27_27_64.png,27,27,20235,20119,299140.49999999994,222663.50000000003,2300,2288
27_27_65.png,27,27,10807,10899,258878.99999999997,179103.0,1660,1656
27_27_66.png,27,27,10903,10647,215992.99999999994,288442.0,1656,1640
27_27_67.png,27,27,9387,9219,262934.5,194213.00000000003,1536,1524
27_27_68.png,27,27,8671,8663,204265.50000000003,275688.0,1464,1476
27_27_69.png,27,27,17647,17679,222640.00000000003,297305.0000000001,2136,2136
27_27_7.png,27,27,10403,10415,178590.00000000003,235304.00000000012,1620,1620
27_27_70.png,27,27,11807,11335,201436.49999999994,262094.0,1732,1676
27_27_71.png,27,27,10179,10227,204762.0,152576.99999999997,1596,1604
27_27_72.png,27,27,12403,12327,224879.50000000003,171822.0,1772,1756
27_27_73.png,27,27,8315,8335,235497.99999999994,173247.49999999994,1448,1440
27_27_74.png,27,27,23191,23027,183856.0,244765.0,2440,2428
27_27_75.png,27,27,8767,8839,211345.99999999997,275249.4999999999,1488,1488
27_27_76.png,27,27,12591,12419,237867.5,176499.00000000006,1780,1764
27_27_77.png,27,27,10679,10495,209895.5,294523.0,1644,1616
27_27_78.png,27,27,12243,12283,175076.5,229421.50000000012,1752,1768
27_27_79.png,27,27,11627,11523,246969.99999999997,186933.49999999997,1708,1704
27_27_8.png,27,27,12507,12531,188937.49999999994,253851.0000000001,1780,1784
27_27_80.png,27,27,11031,10991,217201.0,288761.50000000006,1652,1668
27_27_81.png,27,27,10071,10011,165403.0,218927.49999999997,1596,1584
27_27_82.png,27,27,13619,14143,190024.00000000006,259945.0,1860,1896
27_27_83.png,27,27,24027,23767,269000.49999999994,202831.00000000003,2500,2484
27_27_84.png,27,27,8419,8359,268528.99999999994,190054.50000000003,1464,1448
27_27_85.png,27,27,8479,8463,243581.0,183186.00000000003,1448,1464
27_27_86.png,27,27,16635,16843,243848.0,169458.0,2068,2084
27_27_87.png,27,27,15583,15563,217535.99999999988,298450.5,1988,1992
27_27_88.png,27,27,9615,9527,217054.5,165682.0,1548,1556
27_27_89.png,27,27,12031,12115,290223.5,211367.49999999997,1744,1748
27_27_9.png,27,27,13031,13019,194352.99999999997,258436.5,1812,1820
27_27_90.png,27,27,13843,13799,194230.5,260138.50000000006,1876,1872
27_27_91.png,27,27,11831,11915,191276.5,273253.5,1712,1736
27_27_92.png,27,27,13023,13183,203675.5,270049.0000000001,1816,1832
27_27_93.png,27,27,9439,9287,272108.0,205026.00000000003,1544,1524
27_27_94.png,27,27,11307,11303,192693.5,264016.49999999994,1680,1688
27_27_95.png,27,27,29255,28907,212436.49999999994,293657.5,2752,2756
27_27_96.png,27,27,8987,8899,228820.50000000003,170398.99999999994,1492,1488
27_27_97.png,27,27,8027,8179,187460.50000000006,247228.50000000003,1416,1420
27_27_98.png,27,27,26375,26567,286230.0000000001,218535.99999999997,2612,2628
27_27_99.png,27,27,11355,11483,162757.50000000006,215556.50000000006,1680,1708
